name,url,phone,address,placeId
Yasmine Palace Restaurant,https://www.google.com/maps/search/?api=1&query=Yasmine%20Palace%20Restaurant&query_place_id=ChIJr4DtWGzDRT4Rq9eA1zcHnK8,+974 7711 1504,"Parcel 18 Fountain Roundabout Pearl Qatarÿå Marina Way 31, Doha, Qatar",ChIJr4DtWGzDRT4Rq9eA1zcHnK8
La Mar Doha by Gast√≥n Acurio,https://www.google.com/maps/search/?api=1&query=La%20Mar%20Doha%20by%20Gast%C3%B3n%20Acurio&query_place_id=ChIJdUTruDDDRT4RZtWPKvbBoXM,+974 4484 4098,"Bldg. No. 25, Zoneÿå 61 Street 900, Doha, Qatar",ChIJdUTruDDDRT4RZtWPKvbBoXM
Twisted Olive & Naama‚Äôs Garden,https://www.google.com/maps/search/?api=1&query=Twisted%20Olive%20%26%20Naama%E2%80%99s%20Garden&query_place_id=ChIJ7RxJn6jFRT4ReLi7WhiKrsM,+974 4425 2727,"ÿ®ÿ±ÿ¨ ÿßŸÑÿØŸàÿ≠ÿ©, Doha Tower, 15 Street 910ÿå Doha, Qatar",ChIJ7RxJn6jFRT4ReLi7WhiKrsM
REBERU Contemporary Cuisine,https://www.google.com/maps/search/?api=1&query=REBERU%20Contemporary%20Cuisine&query_place_id=ChIJWTggn8vFRT4RyMxCrioknsk,+974 4427 5365,"Building 3, Rawdat Al Khail St, Doha, Qatar",ChIJWTggn8vFRT4RyMxCrioknsk
Teatro Doha,https://www.google.com/maps/search/?api=1&query=Teatro%20Doha&query_place_id=ChIJoRy4f7_ERT4R1A-Oaa7vLFI,+974 4445 8888,"Level 2, 850 Conference Centre, Doha, Qatar",ChIJoRy4f7_ERT4R1A-Oaa7vLFI
Sushi Library Doha City Center,https://www.google.com/maps/search/?api=1&query=Sushi%20Library%20Doha%20City%20Center&query_place_id=ChIJweeRd-rFRT4R7rpbkHz2FLA,+974 3301 5695,"City Center, 1st floor, Doha, Qatar",ChIJweeRd-rFRT4R7rpbkHz2FLA
The Kitchen Doha,https://www.google.com/maps/search/?api=1&query=The%20Kitchen%20Doha&query_place_id=ChIJn3i9SKPDRT4R1UJ3Ro1s1D8,+974 4492 4610,"Abraj Quartier Pearl Boulevard Tower AQ-07, Doha, Qatar",ChIJn3i9SKPDRT4R1UJ3Ro1s1D8
Mykonos Doha,https://www.google.com/maps/search/?api=1&query=Mykonos%20Doha&query_place_id=ChIJzxTTV9PDRT4RoL4yTTZX3zQ,+974 4484 4919,"Beach & Spa, Street 900, Bldg. No. 25, Zone 61 Al Dafna InterContinental Doha, Doha, Qatar",ChIJzxTTV9PDRT4RoL4yTTZX3zQ
La Mesa Restaurant,https://www.google.com/maps/search/?api=1&query=La%20Mesa%20Restaurant&query_place_id=ChIJ8RL1QrnFRT4RfqGIjEkRyPk,+974 3999 4481,"Doha, Qatar",ChIJ8RL1QrnFRT4RfqGIjEkRyPk
Saffron Doha,https://www.google.com/maps/search/?api=1&query=Saffron%20Doha&query_place_id=ChIJiWIJ5rbFRT4RCI5uYipf_ks,+974 4410 3310,"Al Khaleej St, Doha, Qatar",ChIJiWIJ5rbFRT4RCI5uYipf_ks
Sarhad Premium Restaurant ŸÖÿ∑ÿπŸÖ ÿ≥ÿ±ÿ≠ÿØ ÿ®ÿ±ŸäŸÖŸäŸÖ,https://www.google.com/maps/search/?api=1&query=Sarhad%20Premium%20Restaurant%20%D9%85%D8%B7%D8%B9%D9%85%20%D8%B3%D8%B1%D8%AD%D8%AF%20%D8%A8%D8%B1%D9%8A%D9%85%D9%8A%D9%85&query_place_id=ChIJeRldQybFRT4R2t14_TAUBJM,+974 6000 1550,"Golden Tulip Doha, Al Safliya St, Doha, Qatar",ChIJeRldQybFRT4R2t14_TAUBJM
SMAT Restaurant,https://www.google.com/maps/search/?api=1&query=SMAT%20Restaurant&query_place_id=ChIJHwpR7YTFRT4RF-iOsI5z2cI,+974 4410 6600,"Orient Pearl Restaurant Second Floor, Corniche Doha Near Rass Abu Aboud Signal, Emrair St, Doha, Qatar",ChIJHwpR7YTFRT4RF-iOsI5z2cI
Morimoto Doha,https://www.google.com/maps/search/?api=1&query=Morimoto%20Doha&query_place_id=ChIJ0fltzSjDRT4RxgrmFSSpHI0,+974 4045 5555,"101 Lusail Expy, Doha, Qatar",ChIJ0fltzSjDRT4RxgrmFSSpHI0
The Square,https://www.google.com/maps/search/?api=1&query=The%20Square&query_place_id=ChIJAQAAAMHERT4RiwjmdB9kvRo,+974 7021 8803,"InterContinental Doha The City, Off Al Wahda Road West Bay, Doha, Qatar",ChIJAQAAAMHERT4RiwjmdB9kvRo
Bayt El Talleh Restaurant,https://www.google.com/maps/search/?api=1&query=Bayt%20El%20Talleh%20Restaurant&query_place_id=ChIJ_8X3pSDDRT4RN1BxcZWbVFY,+974 5010 1777,"Katara Hills, Katara Cultural Village, Doha, Qatar",ChIJ_8X3pSDDRT4RN1BxcZWbVFY
Huqqa Qatar,https://www.google.com/maps/search/?api=1&query=Huqqa%20Qatar&query_place_id=ChIJGVuEQ_vFRT4RWdUrjYhX5xI,+974 4424 4866,"Building 59, Al Gassar Resort Tower 3, Street 834, Doha, Qatar",ChIJGVuEQ_vFRT4RWdUrjYhX5xI
Jamavar Doha,https://www.google.com/maps/search/?api=1&query=Jamavar%20Doha&query_place_id=ChIJf6oic1LFRT4RpitALpNivyc,+974 4485 4535,"Al Corniche, Doha, Qatar",ChIJf6oic1LFRT4RpitALpNivyc
IKA South American,https://www.google.com/maps/search/?api=1&query=IKA%20South%20American&query_place_id=ChIJNbUt_HfFRT4RDX48GXZw8-A,+974 3359 3043,"Aba Al Hanin Bil Hanin Street, Doha, Qatar",ChIJNbUt_HfFRT4RDX48GXZw8-A
Seasonal Tastes,https://www.google.com/maps/search/?api=1&query=Seasonal%20Tastes&query_place_id=ChIJAW-aEbXaRT4RQZ81a84hMq0,+974 3359 8514,"Salwa Rd, Doha, Qatar",ChIJAW-aEbXaRT4RQZ81a84hMq0
Nobu Doha,https://www.google.com/maps/search/?api=1&query=Nobu%20Doha&query_place_id=ChIJE6lqievERT4RhIxUznWxn38,+974 4494 8500,"Diplomatic St, Doha, Qatar",ChIJE6lqievERT4RhIxUznWxn38
Yasmine Palace Doha Festival City,https://www.google.com/maps/search/?api=1&query=Yasmine%20Palace%20Doha%20Festival%20City&query_place_id=ChIJ2fDvJfPdRT4RONtoiDP451E,+974 5009 9982,"9CMR+P5P Alnuaimi Area, Doha, Qatar",ChIJ2fDvJfPdRT4RONtoiDP451E
Fabio's - Ristorante Italiano,https://www.google.com/maps/search/?api=1&query=Fabio's%20-%20Ristorante%20Italiano&query_place_id=ChIJsT62fF3DRT4R_l2R2PDc110,+974 4451 4269,"The Pearl Qatar, Porto Arabia, Tower 16, La Croisette, Doha, Qatar",ChIJsT62fF3DRT4R_l2R2PDc110
c.mondo,https://www.google.com/maps/search/?api=1&query=c.mondo&query_place_id=ChIJM5t50UXbRT4Rov_gyQm0pjA,+974 4455 5105,"Centro Capital, Al Jazeera St, Doha, Qatar",ChIJM5t50UXbRT4Rov_gyQm0pjA
Paper Moon Doha,https://www.google.com/maps/search/?api=1&query=Paper%20Moon%20Doha&query_place_id=ChIJDzUsg2TFRT4RwqrEuktCR-I,+974 4016 6000,"7GFW+22G Jaidah Square, Airport St, Doha, Qatar",ChIJDzUsg2TFRT4RwqrEuktCR-I
La Spiga by Papermoon,https://www.google.com/maps/search/?api=1&query=La%20Spiga%20by%20Papermoon&query_place_id=ChIJUZPL-rvERT4RPJAzrln9P3c,+974 4453 5135,"W Doha Hotel & Residences, Diplomatic St, Doha, Qatar",ChIJUZPL-rvERT4RPJAzrln9P3c
Lucia's Doha,https://www.google.com/maps/search/?api=1&query=Lucia's%20Doha&query_place_id=ChIJG-4-xKHFRT4RDqhGy8YGUzk,+974 3111 7722,"Sheraton Grand Doha Resort & Convention Hotel, Doha, Qatar",ChIJG-4-xKHFRT4RDqhGy8YGUzk
Uzman Turkish Restaurant,https://www.google.com/maps/search/?api=1&query=Uzman%20Turkish%20Restaurant&query_place_id=ChIJm60c8GvFRT4Ry1f9Av1Ty7w,+974 7779 0168,"City Center Doha Shopping Mall, Conference Centre, Doha, Qatar",ChIJm60c8GvFRT4Ry1f9Av1Ty7w
Hunters Room and Grill,https://www.google.com/maps/search/?api=1&query=Hunters%20Room%20and%20Grill&query_place_id=ChIJq3uHa7XaRT4RaXM-5BJpZ7c,+974 3359 8514,"Salwa Rd, Doha, Qatar",ChIJq3uHa7XaRT4RaXM-5BJpZ7c
Qureshi Bukhara Doha - Dusit Hotel & Suites,https://www.google.com/maps/search/?api=1&query=Qureshi%20Bukhara%20Doha%20-%20Dusit%20Hotel%20%26%20Suites&query_place_id=ChIJ39XF4sLFRT4R0HIMnPmMcYM,+974 4004 4052,"Dusit Hotel & Suites, Doha, Qatar",ChIJ39XF4sLFRT4R0HIMnPmMcYM
Babel Qatar - Fine Dining Lebanese Restaurant,https://www.google.com/maps/search/?api=1&query=Babel%20Qatar%20-%20Fine%20Dining%20Lebanese%20Restaurant&query_place_id=ChIJSTkwEXDDRT4RfPgcV-Wn0tk,+974 3995 6255,"The St.Regis Marsa Arabia Island, Doha, Qatar",ChIJSTkwEXDDRT4RfPgcV-Wn0tk
Roberto's Doha,https://www.google.com/maps/search/?api=1&query=Roberto's%20Doha&query_place_id=ChIJa4Mb_DTDRT4RNQ6JrmnSO_o,+974 3995 3756,"The St. Regis, Island, Qatar",ChIJa4Mb_DTDRT4RNQ6JrmnSO_o
Palette Bistro,https://www.google.com/maps/search/?api=1&query=Palette%20Bistro&query_place_id=ChIJm0gZONXdRT4RNcBByVNyOS4,+974 5105 1155,"1st Floor Doha Festival City, VIP Section Al Shamal Rd, Umm Salal Muhammed, Doha, Qatar",ChIJm0gZONXdRT4RNcBByVNyOS4
Chilis - Doha Festival City,https://www.google.com/maps/search/?api=1&query=Chilis%20-%20Doha%20Festival%20City&query_place_id=ChIJyxWdvMPdRT4RIT8zILtzsQE,+974 7700 7432,"Doha Festival City, 1st Floor, South Food Court, Doha, Qatar",ChIJyxWdvMPdRT4RIT8zILtzsQE
Sushi Library Doha Festival City,https://www.google.com/maps/search/?api=1&query=Sushi%20Library%20Doha%20Festival%20City&query_place_id=ChIJzfXO2FXdRT4R3iC4hgh3XQg,+974 5568 9782,"Doha Festival City, Doha, Qatar",ChIJzfXO2FXdRT4R3iC4hgh3XQg
Market by Jean-Georges,https://www.google.com/maps/search/?api=1&query=Market%20by%20Jean-Georges&query_place_id=ChIJSz_K5LvERT4RaK55cWWZbiQ,,"W Doha Hotel & Residences, Doha, Qatar",ChIJSz_K5LvERT4RaK55cWWZbiQ
La Veranda,https://www.google.com/maps/search/?api=1&query=La%20Veranda&query_place_id=ChIJR5ZrdsLERT4R0UaV0iv28pE,+974 4485 3000,"Sheraton Doha Resort & Convention Hotel, Al Corniche, Doha, Qatar",ChIJR5ZrdsLERT4R0UaV0iv28pE
Spice Market,https://www.google.com/maps/search/?api=1&query=Spice%20Market&query_place_id=ChIJSz_K5LvERT4Rx-mU05wm9bE,+974 4453 5135,"W Doha Hotel & Residences, Doha, Qatar",ChIJSz_K5LvERT4Rx-mU05wm9bE
Ipanema,https://www.google.com/maps/search/?api=1&query=Ipanema&query_place_id=ChIJ2XoiALnERT4RRTJLGeYFCFU,+974 4419 5510,"Marriott Marquis City Center Doha Hotel, Doha, Qatar",ChIJ2XoiALnERT4RRTJLGeYFCFU
The Lagoon Doha,https://www.google.com/maps/search/?api=1&query=The%20Lagoon%20Doha&query_place_id=ChIJPxdqQ8ncRT4R_GXWok9tZAc,+974 4484 8512,"The Ritz-Carlton Doha, Doha, Qatar",ChIJPxdqQ8ncRT4R_GXWok9tZAc
RIVAAJ,https://www.google.com/maps/search/?api=1&query=RIVAAJ&query_place_id=ChIJc5p2fd3DRT4R58CE9HBv3gc,+974 4446 0508,"The St. Regis Doha, Al Gassar Resort, Doha, Qatar",ChIJc5p2fd3DRT4R58CE9HBv3gc
Rasa Doha,https://www.google.com/maps/search/?api=1&query=Rasa%20Doha&query_place_id=ChIJBV6LorXFRT4R6JZrRfoAJhc,+974 4429 8666,"Rixos Gulf Hotel, Doha, Qatar",ChIJBV6LorXFRT4R6JZrRfoAJhc
"Desert Rose Restaurant, Doha",https://www.google.com/maps/search/?api=1&query=Desert%20Rose%20Restaurant%2C%20Doha&query_place_id=ChIJAVmkeg3FRT4Rmvjwo_DuRoI,+974 5525 9646,"Abdullah Bin Jassim St, Doha, Qatar",ChIJAVmkeg3FRT4Rmvjwo_DuRoI
Il Galante - Authentic Italian Restaurant,https://www.google.com/maps/search/?api=1&query=Il%20Galante%20-%20Authentic%20Italian%20Restaurant&query_place_id=ChIJG90uo0PFRT4RMdeHjl521uA,+974 4410 3310,"Al Khaleej St, Doha, Qatar",ChIJG90uo0PFRT4RMdeHjl521uA
Fuego,https://www.google.com/maps/search/?api=1&query=Fuego&query_place_id=ChIJ6f-yJ7vFRT4RQNDVwW_r8uw,+974 4429 5146,"Conference Centre, Doha, Qatar",ChIJ6f-yJ7vFRT4RQNDVwW_r8uw
Gaia Doha,https://www.google.com/maps/search/?api=1&query=Gaia%20Doha&query_place_id=ChIJE7D8irbFRT4R3YPjOXD1J58,+974 4453 6200,"Street 801, Building 138, Zone 61, Doha, Qatar",ChIJE7D8irbFRT4R3YPjOXD1J58
Shanghai Me Doha,https://www.google.com/maps/search/?api=1&query=Shanghai%20Me%20Doha&query_place_id=ChIJpfpTWZrFRT4R3V9lf0mhYdw,+974 3063 3429,"Dafna Street, Area: 61, Street: 801, Building: 138, Doha, Qatar",ChIJpfpTWZrFRT4R3V9lf0mhYdw
Hoppers Doha,https://www.google.com/maps/search/?api=1&query=Hoppers%20Doha&query_place_id=ChIJpXOnYjvFRT4RYwXm5TRCdW0,+974 6606 7955,"Barahat Msheireb St, Doha, Qatar",ChIJpXOnYjvFRT4RYwXm5TRCdW0
Turkey Central Restaurant,https://www.google.com/maps/search/?api=1&query=Turkey%20Central%20Restaurant&query_place_id=ChIJTe0cm7jaRT4RGgIGe7ncHf4,+974 4442 3423,"Al Mirqab Al Jadeed St, Doha, Qatar",ChIJTe0cm7jaRT4RGgIGe7ncHf4
Novikov Doha Restaurant & Beach Club,https://www.google.com/maps/search/?api=1&query=Novikov%20Doha%20Restaurant%20%26%20Beach%20Club&query_place_id=ChIJo0gOzGLDRT4RrpZvkvLeWho,+974 6691 6867,"St Regis, Doha, Qatar",ChIJo0gOzGLDRT4RrpZvkvLeWho
Public House Doha,https://www.google.com/maps/search/?api=1&query=Public%20House%20Doha&query_place_id=ChIJbWt_KWHDRT4RQaqkkDVIOro,+974 4035 5011,"Marsa Malaz Kempinski, The Pearl - Doha Costa Malaz Bay, Doha, Qatar",ChIJbWt_KWHDRT4RQaqkkDVIOro
"Off the Hook Seafood Restaurant - B ring Road, Al Muntazah Area, Doha",https://www.google.com/maps/search/?api=1&query=Off%20the%20Hook%20Seafood%20Restaurant%20-%20B%20ring%20Road%2C%20Al%20Muntazah%20Area%2C%20Doha&query_place_id=ChIJJdDuFZrFRT4RQzcjq7uGuQ0,+974 4441 1684,"Doha, Qatar",ChIJJdDuFZrFRT4RQzcjq7uGuQ0
Mosavali Doha,https://www.google.com/maps/search/?api=1&query=Mosavali%20Doha&query_place_id=ChIJGeckpJnFRT4RQIRwVZiktT0,+974 4410 6393,"Doha, Qatar",ChIJGeckpJnFRT4RQIRwVZiktT0
F≈´do Restaurant,https://www.google.com/maps/search/?api=1&query=F%C5%ABdo%20Restaurant&query_place_id=ChIJywNoLnXbRT4RNqpad3aW3VM,+974 4038 8938,"Qatari Bin Al Fujaah St, Doha, Qatar",ChIJywNoLnXbRT4RNqpad3aW3VM
Qalamkarri,https://www.google.com/maps/search/?api=1&query=Qalamkarri&query_place_id=ChIJ26N5dJvFRT4RDkU1PLXbdnc,+974 4410 3310,"Al Khaleej St, Doha, Qatar",ChIJ26N5dJvFRT4RDkU1PLXbdnc
Bayt Sharq,https://www.google.com/maps/search/?api=1&query=Bayt%20Sharq&query_place_id=ChIJx1sM5iLFRT4RDwqBLjvw7MY,+974 7770 4589,"Al Corniche, Doha, Qatar",ChIJx1sM5iLFRT4RDwqBLjvw7MY
Kai's Songbird,https://www.google.com/maps/search/?api=1&query=Kai's%20Songbird&query_place_id=ChIJiZ0uXmvDRT4RmKANIxtgS1w,+974 4424 1124,"Kai's Songbird, Doha, Qatar",ChIJiZ0uXmvDRT4RmKANIxtgS1w
Zengo by Chef Richard Sandoval,https://www.google.com/maps/search/?api=1&query=Zengo%20by%20Chef%20Richard%20Sandoval&query_place_id=ChIJ3T3OSjLFRT4RG7dFLBHRyB0,+974 4405 3560,"Kempinski Residences & Suites, Doha, Qatar",ChIJ3T3OSjLFRT4RG7dFLBHRyB0
Pure Eats Co.,https://www.google.com/maps/search/?api=1&query=Pure%20Eats%20Co.&query_place_id=ChIJC5iAotrDRT4Rrbi7NYJ036s,+974 4001 0012,"Retail Unit-114, 05B, Qatar",ChIJC5iAotrDRT4Rrbi7NYJ036s
Sabai Thai Restaurant,https://www.google.com/maps/search/?api=1&query=Sabai%20Thai%20Restaurant&query_place_id=ChIJvSMAdLXaRT4ROtw6wwQGAQg,+974 3359 8514,"Salwa Rd, Doha, Qatar",ChIJvSMAdLXaRT4ROtw6wwQGAQg
Sel & Miel,https://www.google.com/maps/search/?api=1&query=Sel%20%26%20Miel&query_place_id=ChIJRzRyMrTdRT4RQA10Z-sXFaU,+974 5576 4278,"The Ritz-Carlton, Doha, Qatar",ChIJRzRyMrTdRT4RQA10Z-sXFaU
Q Lounge & Restaurant,https://www.google.com/maps/search/?api=1&query=Q%20Lounge%20%26%20Restaurant&query_place_id=ChIJPcKqhirGRT4RZ_3-_FKy6N0,+974 4040 5075,"Banana Island, Qatar",ChIJPcKqhirGRT4RZ_3-_FKy6N0
Malibu Kitchen,https://www.google.com/maps/search/?api=1&query=Malibu%20Kitchen&query_place_id=ChIJ4aa2E7LFRT4RLnv1DHC_0JE,+974 4406 1111,"BUILDING 23, STREET 910, Corniche St, Doha, Qatar",ChIJ4aa2E7LFRT4RLnv1DHC_0JE
Boho Social,https://www.google.com/maps/search/?api=1&query=Boho%20Social&query_place_id=ChIJmWtZtiTDRT4RpEjSSpt8bvs,+974 4408 0543,"off Katara Cultural Village, Shakespeare St, Doha, Qatar",ChIJmWtZtiTDRT4RpEjSSpt8bvs
C.taste,https://www.google.com/maps/search/?api=1&query=C.taste&query_place_id=ChIJoxjjssvbRT4R49Vl1Lk64xc,+974 4455 5000,"Centro Capital, Al Jazeera St, Doha, Qatar",ChIJoxjjssvbRT4R49Vl1Lk64xc
Wild & The Moon,https://www.google.com/maps/search/?api=1&query=Wild%20%26%20The%20Moon&query_place_id=ChIJDwwBjgbFRT4RCt360DytzlI,+974 4410 6388,"Ground Floor, Printemps Doha, Al Khaleej St, Doha, Qatar",ChIJDwwBjgbFRT4RCt360DytzlI
"IZU at Mandarin Oriental, Doha",https://www.google.com/maps/search/?api=1&query=IZU%20at%20Mandarin%20Oriental%2C%20Doha&query_place_id=ChIJYfPKMkPFRT4RuegEhgSXw5E,+974 4008 8555,"Barahat Msheireb St, Doha, Qatar",ChIJYfPKMkPFRT4RuegEhgSXw5E
New Roti & Boti Fine Dining Restaurant,https://www.google.com/maps/search/?api=1&query=New%20Roti%20%26%20Boti%20Fine%20Dining%20Restaurant&query_place_id=ChIJTQE18nHFRT4RDm3KSrUh_2k,+974 3355 5777,"Showroom #10, Al Emadi Suites, Ras Abu Abboud St, Doha, Qatar",ChIJTQE18nHFRT4RDm3KSrUh_2k
Santa Monica Breakfast Club,https://www.google.com/maps/search/?api=1&query=Santa%20Monica%20Breakfast%20Club&query_place_id=ChIJMfEd_STDRT4RUlUvx5Zra2M,+974 4448 1240,"Grand Hyatt Doha Hotel & Villas, Doha, Qatar",ChIJMfEd_STDRT4RUlUvx5Zra2M
CECCONI‚ÄôS,https://www.google.com/maps/search/?api=1&query=CECCONI%E2%80%99S&query_place_id=ChIJF4dJpLvFRT4RtWfZfNRyZDU,+974 4406 1111,"BUILDING 23, STREET 910, Corniche St, Doha, Qatar",ChIJF4dJpLvFRT4RtWfZfNRyZDU
La Bodega Negra Doha,https://www.google.com/maps/search/?api=1&query=La%20Bodega%20Negra%20Doha&query_place_id=ChIJ7VqBqp3DRT4RXDq0JpfpJ8M,+974 4446 0510,"Al Gassar Resort, St Regis Hotel, Doha, Qatar",ChIJ7VqBqp3DRT4RXDq0JpfpJ8M
Nac Doha,https://www.google.com/maps/search/?api=1&query=Nac%20Doha&query_place_id=ChIJs1BTexDFRT4RpL8P0_oShcI,+974 4145 0148,"Building 2, Al Jeewan Street Street 791, Zone 3, Doha, Qatar",ChIJs1BTexDFRT4RpL8P0_oShcI
Al Maha Restaurant ŸÖÿ∑ÿπŸÖ ÿßŸÑŸÖŸáÿß,https://www.google.com/maps/search/?api=1&query=Al%20Maha%20Restaurant%20%D9%85%D8%B7%D8%B9%D9%85%20%D8%A7%D9%84%D9%85%D9%87%D8%A7&query_place_id=ChIJZZJmDOjbRT4RgGu5WQ0tLbY,+974 5002 0401,"8113, 950 Al Reem St, Doha, Qatar",ChIJZZJmDOjbRT4RgGu5WQ0tLbY
BARON DOHA,https://www.google.com/maps/search/?api=1&query=BARON%20DOHA&query_place_id=ChIJOSsy1zfFRT4RI7LHUuzdkKk,+974 3007 1011,"Doha, Qatar",ChIJOSsy1zfFRT4RI7LHUuzdkKk
Hakkasan Doha,https://www.google.com/maps/search/?api=1&query=Hakkasan%20Doha&query_place_id=ChIJBR8ggFvDRT4RN3AqHG4dh78,+974 4446 0170,"The St. Regis, Doha, Qatar",ChIJBR8ggFvDRT4RN3AqHG4dh78
Steak and The City - by Prime,https://www.google.com/maps/search/?api=1&query=Steak%20and%20The%20City%20-%20by%20Prime&query_place_id=ChIJAQAAAMHERT4Rie8GHgGANcI,+974 7705 3067,"InterContinental Doha The City, Offÿå Al Wahda Road, Doha, Qatar",ChIJAQAAAMHERT4Rie8GHgGANcI
"Dalchini Restaurant, Centara West Bay Hotel & Residences Doha",https://www.google.com/maps/search/?api=1&query=Dalchini%20Restaurant%2C%20Centara%20West%20Bay%20Hotel%20%26%20Residences%20Doha&query_place_id=ChIJz42mDC7FRT4Ry1ROt6roSkU,+974 4009 5555,"Diplomatic St, Doha, Qatar",ChIJz42mDC7FRT4Ry1ROt6roSkU
Al Terrace Doha,https://www.google.com/maps/search/?api=1&query=Al%20Terrace%20Doha&query_place_id=ChIJXZuTqj_FRT4RABnJEpwGzgk,+974 7047 3687,"Al Ahmed St, Doha, Qatar",ChIJXZuTqj_FRT4RABnJEpwGzgk
Claw BBQ Doha,https://www.google.com/maps/search/?api=1&query=Claw%20BBQ%20Doha&query_place_id=ChIJ5_Zd3BLFRT4RfVVE7dqhcTs,+974 4034 3111,"Al Meena St, Doha, Qatar",ChIJ5_Zd3BLFRT4RfVVE7dqhcTs
Parisa @ Sharq Village & Spa,https://www.google.com/maps/search/?api=1&query=Parisa%20%40%20Sharq%20Village%20%26%20Spa&query_place_id=ChIJkT7pG3bFRT4Rm2qodN1PUs0,,"a Ritz-Carlton Hotel, Sharq Village & Spa, Ras Abu Abboud St, Doha, Qatar",ChIJkT7pG3bFRT4Rm2qodN1PUs0
Nusr-Et Steakhouse,https://www.google.com/maps/search/?api=1&query=Nusr-Et%20Steakhouse&query_place_id=ChIJeStC1-nERT4R4pcFXY31V7M,+974 4442 9339,"Al Corniche Street, Sheraton Grand Doha Resort & Convention Hotel, P.O 6000ÿå Qatar",ChIJeStC1-nERT4R4pcFXY31V7M
Yee Hwa Doha Souq Mall,https://www.google.com/maps/search/?api=1&query=Yee%20Hwa%20Doha%20Souq%20Mall&query_place_id=ChIJW6sIlq7bRT4RYtlhCVITRxc,+974 7081 9898,"Al Mirqab Al Jadeed St, Doha, Qatar",ChIJW6sIlq7bRT4RYtlhCVITRxc
Al Nafourah Garden,https://www.google.com/maps/search/?api=1&query=Al%20Nafourah%20Garden&query_place_id=ChIJQY2y44DPRT4RDnhwD--RSZY,+974 6608 5806,"Airport Street, Doha, Qatar",ChIJQY2y44DPRT4RDnhwD--RSZY
Benjarong Doha - Thai Restaurant,https://www.google.com/maps/search/?api=1&query=Benjarong%20Doha%20-%20Thai%20Restaurant&query_place_id=ChIJ2RBDzwbFRT4R40KSPSxll-s,+974 4004 4052,"Dusit Doha Hotelÿå Ground Floor, Diplomatic St, Doha, Qatar",ChIJ2RBDzwbFRT4R40KSPSxll-s
COCINA DE ROSE,https://www.google.com/maps/search/?api=1&query=COCINA%20DE%20ROSE&query_place_id=ChIJrSG5YT_bRT4RfaTLuzhPEpo,+974 6000 2744,"7GF5+WCP, C Ring Rd, Doha, Qatar",ChIJrSG5YT_bRT4RfaTLuzhPEpo
Layali Restaurant ŸÖÿ∑ÿπŸÖ ŸÑŸäÿßŸÑŸä - Doha Port,https://www.google.com/maps/search/?api=1&query=Layali%20Restaurant%20%D9%85%D8%B7%D8%B9%D9%85%20%D9%84%D9%8A%D8%A7%D9%84%D9%8A%20-%20Doha%20Port&query_place_id=ChIJE3-VPEvFRT4RIkFNNPG_SmQ,+974 4490 9517,"Mina District 1, Doha, Qatar",ChIJE3-VPEvFRT4RIkFNNPG_SmQ
Rocca | Grand Hyatt Doha,https://www.google.com/maps/search/?api=1&query=Rocca%20%7C%20Grand%20Hyatt%20Doha&query_place_id=ChIJy6BneSbDRT4Rjwld7jb0fdc,+974 4448 1272,"West Bay Lagoonÿå Grand Hyatt Doha Hotel & Villas, Doha, Qatar",ChIJy6BneSbDRT4Rjwld7jb0fdc
Al Hubara Restaurant,https://www.google.com/maps/search/?api=1&query=Al%20Hubara%20Restaurant&query_place_id=ChIJO8cs2rPFRT4RfHyj0rKOu4M,+974 4485 4422,"Al Corniche, Doha, Qatar",ChIJO8cs2rPFRT4RfHyj0rKOu4M
Dgrill Restaurant,https://www.google.com/maps/search/?api=1&query=Dgrill%20Restaurant&query_place_id=ChIJFcWJ-YDFRT4RyJtI7BOHhhM,+974 5089 0499,"QDB Car Park Building, 11 Grand Hammad St, Doha, Qatar",ChIJFcWJ-YDFRT4RyJtI7BOHhhM
Meza Mania - Authentic Lebanese Restaurant in Doha,https://www.google.com/maps/search/?api=1&query=Meza%20Mania%20-%20Authentic%20Lebanese%20Restaurant%20in%20Doha&query_place_id=ChIJB0BivsnFRT4ROHPu_62xYK8,+974 5994 9911,"WBB, Diplomatic St, Doha, Qatar",ChIJB0BivsnFRT4ROHPu_62xYK8
Thai Kitchen Restaurant,https://www.google.com/maps/search/?api=1&query=Thai%20Kitchen%20Restaurant&query_place_id=ChIJGec_HpHFRT4RWXGIFWhGAMY,+974 4009 5530,"Diplomatic St, Doha, Qatar",ChIJGec_HpHFRT4RWXGIFWhGAMY
Millie‚Äôs Lounge,https://www.google.com/maps/search/?api=1&query=Millie%E2%80%99s%20Lounge&query_place_id=ChIJBeXdtgjFRT4RBYGsBAIhVr0,+974 4406 1111,"BUILDING 23, STREET 910ÿå CORNICHE, Doha, Qatar",ChIJBeXdtgjFRT4RBYGsBAIhVr0
Nozomi Restaurant,https://www.google.com/maps/search/?api=1&query=Nozomi%20Restaurant&query_place_id=ChIJbTWFBw_DRT4RTbpJYWjML0E,+974 4035 5089,"Marsa Malaz Kempinski, The Pearl, Marina Driveÿå Doha, Qatar",ChIJbTWFBw_DRT4RTbpJYWjML0E
Mama Rozie Restaurant,https://www.google.com/maps/search/?api=1&query=Mama%20Rozie%20Restaurant&query_place_id=ChIJlSV-EE7FRT4Rpggf6QcjYVA,+974 7045 6262,"Hiteen St, Doha, Qatar",ChIJlSV-EE7FRT4Rpggf6QcjYVA
Bombay Balti,https://www.google.com/maps/search/?api=1&query=Bombay%20Balti&query_place_id=ChIJXWTbdk_bRT4RIz7UFtZjBSk,+974 4428 1555,"Radisson Blu Hotelÿå Salwa Road, Doha, Qatar",ChIJXWTbdk_bRT4RIz7UFtZjBSk
Cipriani Doha,https://www.google.com/maps/search/?api=1&query=Cipriani%20Doha&query_place_id=ChIJk4raiavFRT4RwY4QmRIxObg,+974 4453 6111,"North Beach Development, Diplomatic St, Doha, Qatar",ChIJk4raiavFRT4RwY4QmRIxObg
Chingari,https://www.google.com/maps/search/?api=1&query=Chingari&query_place_id=ChIJo7vDY7PaRT4RfImkIwc5T0s,+974 4428 1555,"Radisson Blu Hotel, Salwa Rd, Doha, Qatar",ChIJo7vDY7PaRT4RfImkIwc5T0s
Bhojan Restaurant,https://www.google.com/maps/search/?api=1&query=Bhojan%20Restaurant&query_place_id=ChIJ_VwTPXHbRT4R9txtseHfp-s,+974 5005 2600,"18 Al Kinana St, Doha, Qatar",ChIJ_VwTPXHbRT4R9txtseHfp-s
Chotto Matte Doha,https://www.google.com/maps/search/?api=1&query=Chotto%20Matte%20Doha&query_place_id=ChIJy-5w74fDRT4RB1XXG523ai8,+974 4020 4450,"The St. Regis, Island, Qatar",ChIJy-5w74fDRT4RB1XXG523ai8
Little Chef Bearüêª,https://www.google.com/maps/search/?api=1&query=Little%20Chef%20Bear%F0%9F%90%BB&query_place_id=ChIJ0QmnEkXbRT4RpI1zCFZWlr0,+974 3122 8975,"Ibn Mahmoud St, Doha, Qatar",ChIJ0QmnEkXbRT4RpI1zCFZWlr0
OPA Doha,https://www.google.com/maps/search/?api=1&query=OPA%20Doha&query_place_id=ChIJj-rJKvXDRT4RUNMff65xlH0,+974 4042 0909,"The St. Regis Doha, Doha, Qatar",ChIJj-rJKvXDRT4RUNMff65xlH0
Planet Hollywood Doha,https://www.google.com/maps/search/?api=1&query=Planet%20Hollywood%20Doha&query_place_id=ChIJp4wRR7vFRT4RbpbOEV6IxUY,+974 4410 3459,"Doha Quest, Al Busayyir St, Doha, Qatar",ChIJp4wRR7vFRT4RbpbOEV6IxUY
Lobito de Mar Doha,https://www.google.com/maps/search/?api=1&query=Lobito%20de%20Mar%20Doha&query_place_id=ChIJg_-da2zDRT4RHbfDrBmjyak,+974 3100 0373,"Marsa Malaz Kempinski, The Pearl - Doha, Bay, Qatar",ChIJg_-da2zDRT4RHbfDrBmjyak
Karachi Restaurant Doha,https://www.google.com/maps/search/?api=1&query=Karachi%20Restaurant%20Doha&query_place_id=ChIJ1YBHqxnFRT4R43IGfCjBu9I,+974 7474 2407,"SHOP#1, BUILDING 86, 850 Al Mansoura St, Doha, Qatar",ChIJ1YBHqxnFRT4R43IGfCjBu9I
Asanka delight restaurant,https://www.google.com/maps/search/?api=1&query=Asanka%20delight%20restaurant&query_place_id=ChIJAQAqX9vbRT4RBoOQVbSQ5A8,+974 5030 5603,"Shop No8, Building 51, Street 930, Zone 22, Doha, Qatar",ChIJAQAqX9vbRT4RBoOQVbSQ5A8
South Food Court,https://www.google.com/maps/search/?api=1&query=South%20Food%20Court&query_place_id=ChIJAzPyEO_dRT4RK5N2yiZAe2I,,"9CMV+78P, Qatar",ChIJAzPyEO_dRT4RK5N2yiZAe2I
Electric Diner,https://www.google.com/maps/search/?api=1&query=Electric%20Diner&query_place_id=ChIJ1SQgMc_FRT4RwN5t_57NBZI,+974 4406 1111,"BUILDING 23, STREET 910, Corniche St, Doha, Qatar",ChIJ1SQgMc_FRT4RwN5t_57NBZI
The Restaurant at The Chedi Katara,https://www.google.com/maps/search/?api=1&query=The%20Restaurant%20at%20The%20Chedi%20Katara&query_place_id=ChIJjc18LwHDRT4RLV5U4qDGFHk,+974 4144 7770,"Katara Cultural Village, 834 Shakespeare St, Doha, Qatar",ChIJjc18LwHDRT4RLV5U4qDGFHk
Di Capri,https://www.google.com/maps/search/?api=1&query=Di%20Capri&query_place_id=ChIJ_z7zIsnaRT4RlSEheIExFOY,+974 4428 8840,"Doha, Qatar",ChIJ_z7zIsnaRT4RlSEheIExFOY
Ted‚Äôs Restaurant,https://www.google.com/maps/search/?api=1&query=Ted%E2%80%99s%20Restaurant&query_place_id=ChIJYRMjtn7IRT4R_MEW5NFgDdE,+974 4040 5138,"Banana Island, Qatar",ChIJYRMjtn7IRT4R_MEW5NFgDdE
Spuntino,https://www.google.com/maps/search/?api=1&query=Spuntino&query_place_id=ChIJyXXuMJjDRT4R4ZzKee5n-no,+974 4144 3000,"127 Porto Arabia Drive, Doha, Qatar",ChIJyXXuMJjDRT4R4ZzKee5n-no
Era Restaurant & Cafe,https://www.google.com/maps/search/?api=1&query=Era%20Restaurant%20%26%20Cafe&query_place_id=ChIJd8nwlH3FRT4R355evLdjP7E,+974 3353 6662,"Abdulla Bin Thani St, Doha, Qatar",ChIJd8nwlH3FRT4R355evLdjP7E
Scalini,https://www.google.com/maps/search/?api=1&query=Scalini&query_place_id=ChIJI54S5qnDRT4RMzRRR1Wwc0I,+974 4446 0509,"Tower 2, Al Gassar Resort, Doha, Qatar",ChIJI54S5qnDRT4RMzRRR1Wwc0I
Gymkhana Qatar,https://www.google.com/maps/search/?api=1&query=Gymkhana%20Qatar&query_place_id=ChIJkVB8LDzFRT4RO9Oe_waSKTI,+974 5107 1117,"Katara Hills, Doha, Qatar",ChIJkVB8LDzFRT4RO9Oe_waSKTI
Dunia - Doha Festival City,https://www.google.com/maps/search/?api=1&query=Dunia%20-%20Doha%20Festival%20City&query_place_id=ChIJcTXyVT3dRT4R4t6vNjpo2ew,+974 7760 0373,"Doha Festival City, 1st Floor, South Food Court, Doha, Qatar",ChIJcTXyVT3dRT4R4t6vNjpo2ew
Jasmine Thai Restaurant,https://www.google.com/maps/search/?api=1&query=Jasmine%20Thai%20Restaurant&query_place_id=ChIJlYkXlj7FRT4RUVh4CxEsWoY,+974 5586 0011,"Al Souq St, Doha, Qatar",ChIJlYkXlj7FRT4RUVh4CxEsWoY
Sushi On Doha,https://www.google.com/maps/search/?api=1&query=Sushi%20On%20Doha&query_place_id=ChIJswInS0_FRT4R6ep71A2tRD0,+974 4423 3222,"Hilton Doha Hotel, Diplomatic St, Doha, Qatar",ChIJswInS0_FRT4R6ep71A2tRD0
Mosaic,https://www.google.com/maps/search/?api=1&query=Mosaic&query_place_id=ChIJbdNfJ57FRT4R1b5cpJX-u5g,+974 4008 8555,"Barahat Msheireb St, Doha, Qatar",ChIJbdNfJ57FRT4R1b5cpJX-u5g
Mulberry Tavern Doha,https://www.google.com/maps/search/?api=1&query=Mulberry%20Tavern%20Doha&query_place_id=ChIJI6O8RY_DRT4Rgl7VilMxaoM,+974 4492 4630,"Abraj Quartierÿå Tower AQ-07, Pearl Blvd, Doha, Qatar",ChIJI6O8RY_DRT4Rgl7VilMxaoM
Joe's cafe,https://www.google.com/maps/search/?api=1&query=Joe's%20cafe&query_place_id=ChIJH0aR943DRT4RbKD2NWJInDw,+974 5513 8370,"21 High Street, Doha, Qatar",ChIJH0aR943DRT4RbKD2NWJInDw
Profiles,https://www.google.com/maps/search/?api=1&query=Profiles&query_place_id=ChIJtwE4DtbFRT4R_qN_9gBlokI,+974 6665 4114,"Abdulla Bin Thani St, Doha, Qatar",ChIJtwE4DtbFRT4R_qN_9gBlokI
Modern Asian Restaurant Doha,https://www.google.com/maps/search/?api=1&query=Modern%20Asian%20Restaurant%20Doha&query_place_id=ChIJydnpVGjFRT4RQodp6t0V8CQ,+974 7777 2718,"Modern Asian Road, Al Taei St, Doha, Qatar",ChIJydnpVGjFRT4RQodp6t0V8CQ
Salt N Pepper,https://www.google.com/maps/search/?api=1&query=Salt%20N%20Pepper&query_place_id=ChIJTbtt4ZbFRT4Ro8K11FtLjIM,+974 4402 7015,"Corp Executive Hotel Doha Suites, Al sarah, 27, Saeed Bin Al Aas St, Doha, Qatar",ChIJTbtt4ZbFRT4Ro8K11FtLjIM
Ruby Wu's,https://www.google.com/maps/search/?api=1&query=Ruby%20Wu's&query_place_id=ChIJQQ6vPJDbRT4R6DY44jTETfk,+974 4428 1428,"Radisson Blu Hotel, Salwa Rd, Doha, Qatar",ChIJQQ6vPJDbRT4R6DY44jTETfk
MURU,https://www.google.com/maps/search/?api=1&query=MURU&query_place_id=ChIJvdGXDgDFRT4RT_iAPVFBddQ,+974 4008 9229,"Al Shaghiya Street, Doha, Qatar",ChIJvdGXDgDFRT4RT_iAPVFBddQ
MASA,https://www.google.com/maps/search/?api=1&query=MASA&query_place_id=ChIJV7Jwcr_ERT4RoTLdMtzgkWU,+974 4429 5295,"2nd Floor, JW Marriott Marquis City Center Doha Conference Centre St, Doha, Qatar",ChIJV7Jwcr_ERT4RoTLdMtzgkWU
Curiosa by Jean-Georges,https://www.google.com/maps/search/?api=1&query=Curiosa%20by%20Jean-Georges&query_place_id=ChIJ-Vt26gzFRT4R3qYYfOq9C0c,+974 4494 8888,"The Corniche, Doha, Qatar",ChIJ-Vt26gzFRT4R3qYYfOq9C0c
Shiraz Garden (Iranian Restaurant) ÿ≠ÿØÿßÿ¶ŸÇ ÿ¥Ÿäÿ±ÿßÿ≤,https://www.google.com/maps/search/?api=1&query=Shiraz%20Garden%20(Iranian%20Restaurant)%20%D8%AD%D8%AF%D8%A7%D8%A6%D9%82%20%D8%B4%D9%8A%D8%B1%D8%A7%D8%B2&query_place_id=ChIJkxNaQLHaRT4Rm-THUBs8b0o,+974 4466 6213,"Al Muthana Complex, Salwa Rd, Doha, Qatar",ChIJkxNaQLHaRT4Rm-THUBs8b0o
New Doha Darbar Pakistani Restaurant (Doha Branch),https://www.google.com/maps/search/?api=1&query=New%20Doha%20Darbar%20Pakistani%20Restaurant%20(Doha%20Branch)&query_place_id=ChIJ3V1VGY3FRT4R5GU0UPajG7s,+974 3124 8006,"Old al Ghanim street, Street 6, Doha, Qatar",ChIJ3V1VGY3FRT4R5GU0UPajG7s
Azraq Restaurant,https://www.google.com/maps/search/?api=1&query=Azraq%20Restaurant&query_place_id=ChIJcbQPyirGRT4RkeLJozhzkaY,+974 4040 5075,"Banana Island, Qatar",ChIJcbQPyirGRT4RkeLJozhzkaY
Gorkhali Restaurant,https://www.google.com/maps/search/?api=1&query=Gorkhali%20Restaurant&query_place_id=ChIJo2QTnubFRT4RC5sTdiHp96U,+974 4002 9313,"7G9G+RC4, Rawdat Al Khail St, Doha 7G9G+RC4ÿå, ÿ¥ÿßÿ±ÿπ ÿ±Ÿàÿ∂ÿ© ÿßŸÑÿÆŸäŸÑÿå, Doha, Qatar",ChIJo2QTnubFRT4RC5sTdiHp96U
Doha Spicy Restaurant,https://www.google.com/maps/search/?api=1&query=Doha%20Spicy%20Restaurant&query_place_id=ChIJhy-DGivFRT4RwH9MCtYYB9U,+974 7090 8533,"https://maps.app.goo.gl/noN1ATJzqvDvhVo58, Dropped pin, Doha, Qatar",ChIJhy-DGivFRT4RwH9MCtYYB9U
NEO Restaurant- The Gate Mall branch,https://www.google.com/maps/search/?api=1&query=NEO%20Restaurant-%20The%20Gate%20Mall%20branch&query_place_id=ChIJ_cy_vlvFRT4RgEBOU7T1uI0,+974 5048 3555,"The Gate Mall, Doha, Qatar",ChIJ_cy_vlvFRT4RgEBOU7T1uI0
Argan Moroccan Cuisine,https://www.google.com/maps/search/?api=1&query=Argan%20Moroccan%20Cuisine&query_place_id=ChIJ5f8PDzzFRT4RNbOC3H1fJ3o,+974 7047 3687,"Al Jasra St, Doha, Qatar",ChIJ5f8PDzzFRT4RNbOC3H1fJ3o
IDAM,https://www.google.com/maps/search/?api=1&query=IDAM&query_place_id=ChIJdaeOehfFRT4RBm6C9yJEbKo,+974 4422 4488,"Museum of Islamic Art, 5th Floor, Corniche Promenade, Doha, Qatar",ChIJdaeOehfFRT4RBm6C9yJEbKo
Santorini Restaurant,https://www.google.com/maps/search/?api=1&query=Santorini%20Restaurant&query_place_id=ChIJAwM1xWrFRT4R4rF1RKTZwio,+974 4429 5295,"8GFM+V6W, First Floor, JW Marriott Marquis City Center, Conference Centre Street, Doha, Qatar",ChIJAwM1xWrFRT4R4rF1RKTZwio
Jamie Oliver's Pizzeria Landmark Mall Doha,https://www.google.com/maps/search/?api=1&query=Jamie%20Oliver's%20Pizzeria%20Landmark%20Mall%20Doha&query_place_id=ChIJ88nk7aTdRT4RPgudb9QLorg,+974 5038 7540,"Landmark Mall, Doha, Qatar",ChIJ88nk7aTdRT4RPgudb9QLorg
Chef Babu Restaurant,https://www.google.com/maps/search/?api=1&query=Chef%20Babu%20Restaurant&query_place_id=ChIJzZ8DmP7bRT4R3BgRqAsA9Lc,+974 3050 7080,"829 Al Ghazadi street, Doha, Qatar",ChIJzZ8DmP7bRT4R3BgRqAsA9Lc
CHENNAI RESTAURANT,https://www.google.com/maps/search/?api=1&query=CHENNAI%20RESTAURANT&query_place_id=ChIJpy35b4nFRT4RhYV2hNvvjcI,+974 3368 8355,"Building No 35, Al Mansoura St, Doha, Qatar",ChIJpy35b4nFRT4RhYV2hNvvjcI
Vasanta Bhavan Restaurant,https://www.google.com/maps/search/?api=1&query=Vasanta%20Bhavan%20Restaurant&query_place_id=ChIJTyEzhzXFRT4RwLUPPw8ohtM,+974 4443 9955,"Near Jaidah Flyover, Al Khaleej, Doha, Qatar",ChIJTyEzhzXFRT4RwLUPPw8ohtM
Aroma Restaurant Doha,https://www.google.com/maps/search/?api=1&query=Aroma%20Restaurant%20Doha&query_place_id=ChIJ4epsGGvFRT4RrDIklWCllco,+974 4442 3602,"Al Mijdaf St, Doha, Qatar",ChIJ4epsGGvFRT4RrDIklWCllco
"LOMBAR, Loming Barako (Doha Souq Mall), Al Naser",https://www.google.com/maps/search/?api=1&query=LOMBAR%2C%20Loming%20Barako%20(Doha%20Souq%20Mall)%2C%20Al%20Naser&query_place_id=ChIJB6JDqZ7PRT4R5uNvhbUeFok,,"Al Nasr St, Doha, Qatar",ChIJB6JDqZ7PRT4R5uNvhbUeFok
Bharath Vasanta Bhavan Restaurant,https://www.google.com/maps/search/?api=1&query=Bharath%20Vasanta%20Bhavan%20Restaurant&query_place_id=ChIJCyh4-XHFRT4R1E8dhIZ6QVw,+974 4443 2211,"Beside McDonald‚Äôs, Ras Abu Abboud St, Doha, Qatar",ChIJCyh4-XHFRT4R1E8dhIZ6QVw
BiBo Doha,https://www.google.com/maps/search/?api=1&query=BiBo%20Doha&query_place_id=ChIJZQ1oWR3DRT4REZtvLmt7VtA,+974 3100 0373,"Kempinski, Qatar",ChIJZQ1oWR3DRT4REZtvLmt7VtA
Al Zaghloul restaurant | ÿ¥ÿßŸàÿ±ŸÖÿß Ÿà ŸÖÿ¥ÿßŸàŸä ÿßŸÑÿ≤ÿ∫ŸÑŸàŸÑ,https://www.google.com/maps/search/?api=1&query=Al%20Zaghloul%20restaurant%20%7C%20%D8%B4%D8%A7%D9%88%D8%B1%D9%85%D8%A7%20%D9%88%20%D9%85%D8%B4%D8%A7%D9%88%D9%8A%20%D8%A7%D9%84%D8%B2%D8%BA%D9%84%D9%88%D9%84&query_place_id=ChIJu-ILDyLbRT4RiT2g83MeIAY,+974 3068 8636,"Zone 38, streetÿå, 343 buildingÿå 34, ÿßŸÑÿØŸàÿ≠ÿ©ÿå, Qatar",ChIJu-ILDyLbRT4RiT2g83MeIAY
Shreeji Restaurant,https://www.google.com/maps/search/?api=1&query=Shreeji%20Restaurant&query_place_id=ChIJM0-fCmPFRT4RN7D67UDEEZo,+974 4498 1611,"Al Khaleej St, Doha, Qatar",ChIJM0-fCmPFRT4RN7D67UDEEZo
HANOK RESTAURANT,https://www.google.com/maps/search/?api=1&query=HANOK%20RESTAURANT&query_place_id=ChIJ9Z4jpqrFRT4R-fbthPCtsIo,+974 3004 1019,"Al Muthaf Street, Building No. 51 Street 137, Doha, Qatar",ChIJ9Z4jpqrFRT4R-fbthPCtsIo
&deli Mediterranean Fusion,https://www.google.com/maps/search/?api=1&query=%26deli%20Mediterranean%20Fusion&query_place_id=ChIJUf-FdCHFRT4RUvG7Xn-eSDs,+974 6000 4744,"8GGH+5PC, Doha, Qatar",ChIJUf-FdCHFRT4RUvG7Xn-eSDs
New White Oceanic Restaurant,https://www.google.com/maps/search/?api=1&query=New%20White%20Oceanic%20Restaurant&query_place_id=ChIJ13vhdGfFRT4RYEoiFT7NRaA,+974 4431 0964,"7GFP+5VH, Doha, Qatar",ChIJ13vhdGfFRT4RYEoiFT7NRaA
O'Glac√©e Restaurant,https://www.google.com/maps/search/?api=1&query=O'Glac%C3%A9e%20Restaurant&query_place_id=ChIJKQrBGwfFRT4RCjOib2wHgts,+974 4009 9999,"Corner Of Wadi Musheireb, And Jassim Bin Mohammed St, Doha, Qatar",ChIJKQrBGwfFRT4RCjOib2wHgts
Oyster Palace Restaurant,https://www.google.com/maps/search/?api=1&query=Oyster%20Palace%20Restaurant&query_place_id=ChIJ6a02kz_bRT4Rp7HpYdb-lT0,+974 4488 1777,"8F6W+P56, Doha, Qatar",ChIJ6a02kz_bRT4Rp7HpYdb-lT0
Kabab Al Tayab,https://www.google.com/maps/search/?api=1&query=Kabab%20Al%20Tayab&query_place_id=ChIJRc5eJmXFRT4RQl7VYNHVBj8,+974 5536 1920,"7GPM+WF, Doha, Qatar",ChIJRc5eJmXFRT4RQl7VYNHVBj8
Qubiertos Grill and Restaurant Doha,https://www.google.com/maps/search/?api=1&query=Qubiertos%20Grill%20and%20Restaurant%20Doha&query_place_id=ChIJQcL2eQDdRT4RD8qnxyoBIE8,+974 3021 1184,"Doha, Qatar",ChIJQcL2eQDdRT4RD8qnxyoBIE8
Famous Restaurant,https://www.google.com/maps/search/?api=1&query=Famous%20Restaurant&query_place_id=ChIJDYb3yGDFRT4RxVvzoI2Eknw,+974 3040 3494,"7GCQ+32F, Najma, Doha, Qatar",ChIJDYb3yGDFRT4RxVvzoI2Eknw
Darseen Restaurant,https://www.google.com/maps/search/?api=1&query=Darseen%20Restaurant&query_place_id=ChIJy1tsrSbbRT4R-V4BQHehzz4,+974 3013 1660,"7FMW+JRQ, Al Qawafell, Doha, Qatar",ChIJy1tsrSbbRT4R-V4BQHehzz4
Delord Cafe,https://www.google.com/maps/search/?api=1&query=Delord%20Cafe&query_place_id=ChIJ2zKp97TaRT4Ro-c_VmjmRlg,+974 6645 5354,"Mina District, Doha, Qatar",ChIJ2zKp97TaRT4Ro-c_VmjmRlg
La Maison De L‚ÄôEntrec√¥te,https://www.google.com/maps/search/?api=1&query=La%20Maison%20De%20L%E2%80%99Entrec%C3%B4te&query_place_id=ChIJCRkEkAvFRT4RUBvilNOKpkI,+974 5077 6821,"Conference Centre, Doha, Qatar",ChIJCRkEkAvFRT4RUBvilNOKpkI
Riva Restaurant,https://www.google.com/maps/search/?api=1&query=Riva%20Restaurant&query_place_id=ChIJS8P6rSrGRT4RK7PZSE0vuBY,+974 4040 5075,"Banana Island Resort by Anantara, Qatar",ChIJS8P6rSrGRT4RK7PZSE0vuBY
Aroma Restaurant,https://www.google.com/maps/search/?api=1&query=Aroma%20Restaurant&query_place_id=ChIJlebvbjzbRT4RnVWpkM71Hw8,+974 4486 3469,"Ahmed Bin Ali, Doha, Qatar",ChIJlebvbjzbRT4RnVWpkM71Hw8
Shater Abbas Restaurant,https://www.google.com/maps/search/?api=1&query=Shater%20Abbas%20Restaurant&query_place_id=ChIJw4OBFb_ERT4R6QBwDP7OBi4,+974 4401 5656,"City Center West Food Court, City Centerÿå Doha, Qatar",ChIJw4OBFb_ERT4R6QBwDP7OBi4
Sawa by Sanad,https://www.google.com/maps/search/?api=1&query=Sawa%20by%20Sanad&query_place_id=ChIJc5sgZ_fFRT4RHp98QA-nZbg,+974 4142 7000,"4052 Wadi Msheireb St, Doha, Qatar",ChIJc5sgZ_fFRT4RHp98QA-nZbg
New Pariwar House Restaurant (Bin omran branch),https://www.google.com/maps/search/?api=1&query=New%20Pariwar%20House%20Restaurant%20(Bin%20omran%20branch)&query_place_id=ChIJA0DjPw7bRT4RweVG_Y-MswQ,+974 3037 0555,"Building no: 190, Zone: 35 Street: 920 Opp to university Book storeÿå Bin omran, Doha, Qatar",ChIJA0DjPw7bRT4RweVG_Y-MswQ
Indian Grill House Restaurant,https://www.google.com/maps/search/?api=1&query=Indian%20Grill%20House%20Restaurant&query_place_id=ChIJHwZr0CXFRT4Rdq9pQZSbLp8,+974 7722 5507,"Doha, Qatar",ChIJHwZr0CXFRT4Rdq9pQZSbLp8
"MRA Bakery, Restaurant & Sweets",https://www.google.com/maps/search/?api=1&query=MRA%20Bakery%2C%20Restaurant%20%26%20Sweets&query_place_id=ChIJYV_-0b7PRT4RBU5ZYvf3aD0,+974 4402 4666,"Airport St, Doha, Qatar",ChIJYV_-0b7PRT4RBU5ZYvf3aD0
LEGEND RESTAURANT,https://www.google.com/maps/search/?api=1&query=LEGEND%20RESTAURANT&query_place_id=ChIJP2S8sA3FRT4RnDrS8BVjAa8,+974 4441 3564,"Doha, Qatar",ChIJP2S8sA3FRT4RnDrS8BVjAa8
Lahore Biryani Restaurant,https://www.google.com/maps/search/?api=1&query=Lahore%20Biryani%20Restaurant&query_place_id=ChIJ1cxXKnvFRT4RA3Sh-6Lr8kY,,"Doha, Qatar",ChIJ1cxXKnvFRT4RA3Sh-6Lr8kY
Khyber Punjab Restaurant,https://www.google.com/maps/search/?api=1&query=Khyber%20Punjab%20Restaurant&query_place_id=ChIJkceOzw3dRT4REmc4PTJ48yc,+974 7732 2867,"Building No 66, Street No, 960 Madinat Khalifa St, Doha, Qatar",ChIJkceOzw3dRT4REmc4PTJ48yc
Fatburger,https://www.google.com/maps/search/?api=1&query=Fatburger&query_place_id=ChIJWfs8YnPDRT4RTq8hFUVsc9s,+974 4029 9999,"Unit 71ÿå Building No 8ÿå 9720 Malaga Way, Doha, Qatar",ChIJWfs8YnPDRT4RTq8hFUVsc9s
Indian Three Roses Restaurant,https://www.google.com/maps/search/?api=1&query=Indian%20Three%20Roses%20Restaurant&query_place_id=ChIJE0HcFWLFRT4RahF61Fs7bog,+974 7020 4740,"Ibn Seena, Doha, Qatar",ChIJE0HcFWLFRT4RahF61Fs7bog
MASHAWI BASHA ISTANBUL,https://www.google.com/maps/search/?api=1&query=MASHAWI%20BASHA%20ISTANBUL&query_place_id=ChIJ_Z7XDsXaRT4RgBE6wDtWHA4,+974 4444 2747,"Al Difaaf St, Doha, Qatar",ChIJ_Z7XDsXaRT4RgBE6wDtWHA4
The Social,https://www.google.com/maps/search/?api=1&query=The%20Social&query_place_id=ChIJEamYIovFRT4Rdj7ml56p324,+974 4495 5115,"Rabban Suites, 5863 Al Intisar St, Doha, Qatar",ChIJEamYIovFRT4Rdj7ml56p324
Sheger Ethiopian Restaurant,https://www.google.com/maps/search/?api=1&query=Sheger%20Ethiopian%20Restaurant&query_place_id=ChIJ9-Zkcx7dRT4RDwlgx9NI4iM,+974 3163 8246,"Madinat Khalifa St, Doha, Qatar",ChIJ9-Zkcx7dRT4RDwlgx9NI4iM
"SAMSARA THAKKALI ORIENTAL RESTAURANT, Doha",https://www.google.com/maps/search/?api=1&query=SAMSARA%20THAKKALI%20ORIENTAL%20RESTAURANT%2C%20Doha&query_place_id=ChIJqbMol6jFRT4RHVnifKfKyz4,+974 7713 2953,"BUILDING NO.90, STREET 214, Doha, Qatar",ChIJqbMol6jFRT4RHVnifKfKyz4
The Ned Doha,https://www.google.com/maps/search/?api=1&query=The%20Ned%20Doha&query_place_id=ChIJ2XijQWvFRT4ReNODtt6WM5k,+974 4406 1111,"BUILDING 7, STREET 910ÿå CORNICHE, Doha, Qatar",ChIJ2XijQWvFRT4ReNODtt6WM5k
Neelima Restaurant,https://www.google.com/maps/search/?api=1&query=Neelima%20Restaurant&query_place_id=ChIJ-XV-odLaRT4RyY_Jbxgd_jQ,+974 4427 3999,"7GP7+6Q8, Doha, Qatar",ChIJ-XV-odLaRT4RyY_Jbxgd_jQ
Gram Bangla Restaurant,https://www.google.com/maps/search/?api=1&query=Gram%20Bangla%20Restaurant&query_place_id=ChIJ52dIOGDFRT4RUeZQSIGyp8k,+974 6669 8199,"7G8Q+P5Hÿå Unnamed Road, Doha, Qatar",ChIJ52dIOGDFRT4RUeZQSIGyp8k
Doha Taxi Restaurants And Juice Stall,https://www.google.com/maps/search/?api=1&query=Doha%20Taxi%20Restaurants%20And%20Juice%20Stall&query_place_id=ChIJE2GlTkbFRT4RxSPqfCipn_M,+974 7797 0353,"A Ring road, Doha, Qatar",ChIJE2GlTkbFRT4RxSPqfCipn_M
Loulou Plage,https://www.google.com/maps/search/?api=1&query=Loulou%20Plage&query_place_id=ChIJ7RZdA2vDRT4R-ymXHQc3cPs,+974 4144 3000,"127 Porto Arabia Drive, Doha, Qatar",ChIJ7RZdA2vDRT4R-ymXHQc3cPs
Desert King Restaurant,https://www.google.com/maps/search/?api=1&query=Desert%20King%20Restaurant&query_place_id=ChIJMxDCliHFRT4RUZFmgAucbto,+974 6602 0034,"Doha, Qatar",ChIJMxDCliHFRT4RUZFmgAucbto
Shirvan M√©tisse Doha,https://www.google.com/maps/search/?api=1&query=Shirvan%20M%C3%A9tisse%20Doha&query_place_id=ChIJUQFRRfnDRT4RznNKu1xenZc,+974 4409 5303,"7 La Croisette, Porto Arabia Drive, Doha, Qatar",ChIJUQFRRfnDRT4RznNKu1xenZc
Sumosan Doha,https://www.google.com/maps/search/?api=1&query=Sumosan%20Doha&query_place_id=ChIJk29gqWnFRT4RleXRMTqf8oI,+974 4411 7550,"Barahat Msheireb, Abdulla Bin Thani St, Doha, Qatar",ChIJk29gqWnFRT4RleXRMTqf8oI
Nosh Cravings,https://www.google.com/maps/search/?api=1&query=Nosh%20Cravings&query_place_id=ChIJUUzwbt3FRT4RVLX7VWZv1Y4,+974 3333 6578,"Al Khaleej St, Doha, Qatar",ChIJUUzwbt3FRT4RVLX7VWZv1Y4
Al koojina - Mourad Tunisian Restaurant,https://www.google.com/maps/search/?api=1&query=Al%20koojina%20-%20Mourad%20Tunisian%20Restaurant&query_place_id=ChIJxxZmmHLFRT4RFdI6QGlj1U4,+974 7782 9911,"7GPW+XR3, Doha, Qatar",ChIJxxZmmHLFRT4RFdI6QGlj1U4
